epoch,train_loss,train_acc,val_loss,val_acc,lr
1,4.2576580324596165,5.177760307477288,4.403231114961316,0.8211041229909154,9.755282581475769e-05
2,3.458351047242296,15.050663871418589,4.004457266492331,4.926624737945493,9.045084971874737e-05
3,2.9135408626204184,25.177978686233402,3.769250093349454,9.07582110412299,7.938926261462366e-05
4,2.565785756963354,32.42051013277428,3.4415131799829832,14.80607966457023,6.545084971874737e-05
5,2.350886631270208,37.144042627533196,3.238632476887946,18.50104821802935,4.9999999999999996e-05
6,2.2040869779494323,40.338923829489865,3.0834592499156503,22.44060097833683,3.454915028125263e-05
