epoch,train_loss,train_acc,val_loss,val_acc,lr
1,3.5029051584600985,20.411862334032147,3.5364810495756456,17.452830188679247,0.00011999999999999999
2,2.6351818551474064,43.319793850454225,3.279170646607501,25.462962962962962,0.00023999999999999998
3,2.4681747694851883,48.03349930118798,3.1149975811993635,29.699510831586302,0.00035999999999999997
4,2.3396555518745794,51.281883298392735,3.1517710310858003,30.433263452131378,0.00047999999999999996
5,2.282706982726238,53.042016072676454,3.1676347583928033,30.101327742837178,0.0005853414266303985
